,顧客名,かな,地域,メールアドレス,登録日
0,須賀ひとみ,すが ひとみ,H市,suga_hitomi@example.com,2018/01/04
1,岡田　 敏也,おかだ としや,E市,okada_toshiya@example.com,42782
2,芳賀 希,はが のぞみ,A市,haga_nozomi@example.com,2018/01/07
3,荻野  愛,おぎの あい,F市,ogino_ai@example.com,42872
4,栗田 憲一,くりた けんいち,E市,kurita_kenichi@example.com,43127
5,梅沢 麻緒,うめざわ まお,A市,umezawa_mao@example.com,2017/06/20
6,相原 ひとり,あいはら ひとり,H市,aihara_hitori@example.com,2018/06/11
7,新村 丈史,にいむら たけし,B市,niimura_takeshi@example.com,2017/05/19
8,石川  まさみ,いしかわ まさみ,G市,ishikawa_masami@example.com,2018/02/12
9,小栗 正義,おぐり まさよし,G市,oguri_masayoshi@example.com,2017/07/05
10,大倉 晃司,おおくら こうじ,E市,ookura_kouji@example.com,2018/03/31
11,那須 蒼甫,なす そうすけ,A市,nasu_sousuke@example.com,2017/04/22
12,清水 裕次郎,しみず ゆうじろう,C市,shimizu_yuujirou@example.com,2018/03/09
13,榊原 しぼり,さかきばら しぼり,D市,sakakibara_shibori@example.com,2017/03/13
14,高沢   美咲,たかさわ みさき,E市,takasawa_misaki@example.com,2018/01/24
15,川島 友以乃,かわしま ゆいの,G市,kawashima_yuino@example.com,2017/06/09
16,唐沢 景子,からさわ けいこ,D市,karasawa_keiko@example.com,2018/05/02
17,稲田 将也,いなだ まさや,G市,inada_masaya@example.com,2017/02/05
18,秋葉 あき,あきば あき,H市,akiba_aki@example.com,2018/07/10
19,西脇 礼子,にしわき れいこ,H市,nishiwaki_reiko@example.com,2017/07/08
20,内村 まさみ,うちむら まさみ,A市,uchimura_masami@example.com,2018/03/12
21,進藤 瞬,しんどう しゅん,A市,shinndou_shun@example.com,42920
22,小口 豊,おぐち ゆたか,H市,oguchi_yutaka@example.com,2018/02/28
23,笹原 しぼり,ささはら しぼり,E市,sasahara_shibori@example.com,2017/05/16
24,岩佐 孝太郎,いわさ こうたろう,D市,iwasa_koutarou@example.com,2018/01/29
25,河村 由樹,かわむら ゆき,C市,kawamura_yuki@example.com,2017/03/17
26,菅原 誠治,すがわら せいじ,C市,sugawara_seiji@example.com,2018/06/28
27,榎本 薫,えのもと かおる,C市,enomoto_kaoru@example.com,42901
28,高梨 結衣,たかなし ゆい,C市,takanashi_yui@example.com,2018/05/21
29,鶴岡 薫,つるおか かおる,F市,tsuruoka_kaoru@example.com,2017/03/12
30,藤木 一恵,ふじき かづえ,E市,fujiki_kadue@example.com,2018/07/01
31,森岡 季衣,もりおか としえ,H市,morioka_toshie@example.com,2017/01/30
32,田畑 正敏,たばた まさとし,A市,tabata_masatoshi@example.com,2018/02/06
33,宇野 秀樹,うの ひでき,C市,uno_hideki@example.com,2017/01/30
34,高原 充則,たかはら みつのり,H市,takahara_mitsunori@example.com,2018/04/21
35,梅村 秀樹,うめむら ひでき,F市,umemura_hideki@example.com,2017/04/01
36,浅田 賢二,あさだ けんじ,C市,asada_kenji@example.com,2018/04/07
37,石渡 小雁,いしわたり こがん,D市,ishiwatari_kogan@example.com,2017/07/28
38,吉岡 サダヲ,よしおか さだお,A市,yoshioka_sadawo@example.com,2018/05/09
39,井口 寛治,いぐち かんじ,B市,iguchi_kanji@example.com,2017/02/19
40,奥 光洋,おく みつひろ,A市,oku_mitsuhiro@example.com,2018/01/08
41,佐藤 慶二,さとう けいじ,E市,satou_keiji@example.com,2017/07/10
42,東 光博,ひがし みつひろ,A市,higashi_mitsuhiro@example.com,2018/02/06
43,高田 さんま,たかだ さんま,D市,takada_sanma@example.com,2017/06/16
44,合田 光,あいだ ひかる,D市,aida_hikaru@example.com,2018/05/22
45,深田 信輔,ふかだ しんすけ,G市,fukada_shinsuke@example.com,2017/07/07
46,島 英嗣,しま ひでつぐ,D市,shima_hidetsugu@example.com,2018/02/02
47,梅津 淳子,うめづ あつこ,H市,umedu_atsuko@example.com,42741
48,日比野 徹,ひびの とおる,C市,hibino_tohru@example.com,2018/02/22
49,熊倉 綾,くまくら あや,H市,kumakura_aya@example.com,42929
50,松田  浩正,まつだ ひろまさ,E市,matsuda_hiromasa@example.com,2018/01/11
51,楠 高史,くすのき たかし,G市,kusunoki_takashi@example.com,2017/04/11
52,岡 慶太,おか けいた,C市,oka_keita@example.com,2018/07/22
53,市田 寿明,いちだ としあき,E市,ichida_toshiaki@example.com,42833
54,山西 花,やまにし はな,A市,yamanishi_hana@example.com,2018/05/13
55,青山 鉄洋,あおやま てつひろ,C市,aoyama_tetsuhiro@example.com,2017/01/07
56,松川 綾女,まつかわ あやめ,E市,matsukawa_ayame@example.com,2018/07/23
57,大滝 麗奈,おおたき れな,C市,ootaki_rena@example.com,2017/05/30
58,赤木 愛梨,あかぎ あいり,F市,akagi_airi@example.com,2018/07/29
59,楠  哲平,くすのき てっぺい,E市,kusunoki_teppei@example.com,2017/01/04
60,堀内 聡,ほりうち さとし,B市,horiuchi_satoshi@example.com,2018/05/15
61,八木 雅彦,やぎ まさひこ,B市,yagi_masahiko@example.com,2017/04/18
62,林 勇,はやし ゆう,C市,hayashi_yuu@example.com,2018/07/28
63,日野 夏希,ひの なつき,A市,hino_natsuki@example.com,2017/05/23
64,麻生 莉緒,あそう りお,D市,asou_rio@example.com,2018/07/22
65,根岸 仁晶,ねぎし ひろあき,D市,negishi_hiroaki@example.com,2017/04/04
66,赤木 だん吉,あかぎ だんきち,F市,akagi_dankichi@example.com,2018/07/16
67,亀井 一徳,かめい いっとく,A市,kamei_ittoku@example.com,2017/03/04
68,横田 遥,よこた はるか,H市,yokota_haruka@example.com,2018/02/24
69,野本 仁晶,のもと ひろあき,G市,nomoto_hiroaki@example.com,2017/06/19
70,西原 未華子,にしはら みかこ,C市,nishihara_mikako@example.com,2018/05/18
71,五十嵐 春樹,いがらし はるき,F市,igarashi_haruki@example.com,2017/01/06
72,堀江 佑,ほりえ たすく,H市,horie_tasuku@example.com,2018/05/14
73,久保田 倫子,くぼた のりこ,A市,kubota_noriko1@example.com,2017/06/02
74,金森 なつみ,かなもり なつみ,F市,kanamori_natsumi@example.com,2018/03/24
75,城戸 芳正,きど よしまさ,G市,kido_yoshimasa@example.com,2017/06/08
76,望月 真悠子,もちづき まゆこ,A市,mochiduki_mayuko@example.com,43188
77,井本 マサカズ,いもと まさかず,C市,imoto_masakazu@example.com,2017/04/06
78,米沢 仁晶,よねざわ ひろあき,F市,yonezawa_hiroaki@example.com,2018/07/09
79,本橋 直人,もとはし なおと,F市,motohashi_naoto@example.com,2017/03/03
80,古川 信吾,ふるかわ しんご,D市,furukawa_shingo@example.com,43110
81,岩沢 那奈,いわさわ なな,H市,iwasawa_nana@example.com,2017/07/13
82,西島 知世,にしじま ちせ,A市,nishijima_chise@example.com,2018/03/11
83,戸塚 美幸,とづか みゆき,H市,toduka_miyuki@example.com,2017/01/30
84,深井 照生,ふかい てるお,A市,fukai_teruo@example.com,2018/02/21
85,新谷 智花,あらや ともか,F市,araya_tomoka@example.com,2017/02/14
86,有馬 徹平,ありま てっぺい,H市,arima_teppei@example.com,2018/06/13
87,本多 フミヤ,ほんだ ふみや,F市,honnda_fumiya@example.com,2017/05/23
88,浜田 未華子,はまだ みかこ,H市,hamada_mikako@example.com,2018/05/22
89,牧田 玲那,まきた れな,A市,makita_rena@example.com,2017/05/13
90,島 孝太郎,しま こうたろう,B市,shima_koutarou@example.com,2018/03/13
91,石田 花,いしだ はな,C市,ishida_hana@example.com,2017/05/17
92,星野 美嘉,ほしの みか,G市,hoshino_mika1@example.com,2018/03/29
93,黒谷 長利,くろたに ながとし,A市,kurotani_nagatoshi@example.com,2017/04/27
94,深沢 ひろ子,ふかざわ ひろこ,C市,fukazawa_hiroko@example.com,2018/03/17
95,矢部 夏空,やべ そら,F市,yabe_sora@example.com,2017/03/25
96,立石 茜,たちいし あかね,B市,tachiishi_akane@example.com,2018/02/10
97,手塚 雅之,てづか まさゆき,E市,teduka_masayuki@example.com,2017/07/05
98,松谷 愛子,まつたに あいこ,D市,matsutani_aiko@example.com,2018/07/30
99,中田 美智子,なかた みちこ,E市,nakata_michiko@example.com,42885
100,片瀬 長利,かたせ ながとし,C市,katase_nagatoshi@example.com,2018/05/03
101,石崎 幸子,いしざき さちこ,F市,ishizaki_sachiko@example.com,2017/06/12
102,明石家 明,あかしや あきら,B市,akashiya_akira@example.com,2018/02/13
103,小川 美菜,おがわ みな,G市,ogawa_mina@example.com,2017/05/05
104,田辺 光洋,たなべ みつひろ,A市,tanabe_mitsuhiro@example.com,2018/07/04
105,神原 美嘉,かんばら みか,D市,kannbara_mika@example.com,2017/03/23
106,岩城 徹平,いわき てっぺい,C市,iwaki_teppei@example.com,2018/01/26
107,相川 良介,あいかわ りょうすけ,B市,aikawa_ryousuke@example.com,2017/07/03
108,植村 遥,うえむら はるか,A市,uemura_haruka@example.com,2018/01/06
109,井川 真悠子,いがわ まゆこ,F市,igawa_mayuko@example.com,2017/03/04
110,松元 翔太,まつもと しょうた,A市,matsumoto_shouta@example.com,2018/03/08
111,さだ 千佳子,さだ ちかこ,H市,sada_chikako@example.com,2017/07/01
112,島本 研二,しまもと けんじ,H市,shimamoto_kenji@example.com,2018/03/24
113,影山 輝信,かげやま あきのぶ,A市,kageyama_akinobu@example.com,2017/01/23
114,浅見 広司,あさみ こうじ,D市,asami_kouji@example.com,43254
115,石野 仁,いしの じん,E市,ishino_jin@example.com,2017/04/07
116,小平 陽子,こひら ようこ,B市,kohira_youko@example.com,2018/01/21
117,福本 美幸,ふくもと みゆき,F市,fukumoto_miyuki@example.com,2017/01/08
118,中 仁晶,なか ひろあき,G市,naka_hiroaki@example.com,43129
119,田辺 きみまろ,たなべ きみまろ,C市,tanabe_kimimaro@example.com,2017/02/12
120,熊倉 明日,くまくら めいび,G市,kumakura_meibi@example.com,2018/05/07
121,鈴木 一哉,すずき かずや,C市,suzuki_kazuya@example.com,2017/04/09
122,杉田 将也,すぎた まさや,A市,sugita_masaya@example.com,43206
123,徳重 優,とくしげ ゆう,B市,tokushige_yuu@example.com,2017/01/05
124,松岡 ノブヒコ,まつおか のぶひこ,B市,matsuoka_nobuhiko@example.com,2018/05/02
125,藤 広之,ふじ ひろゆき,G市,fuji_hiroyuki@example.com,2017/02/20
126,谷本 愛梨,たにもと あいり,C市,tanimoto_airi@example.com,2018/06/25
127,松沢 育二,まつざわ いくじ,F市,matsuzawa_ikuji@example.com,2017/07/15
128,清水 佑,しみず たすく,G市,shimizu_tasuku@example.com,2018/02/17
129,土屋 朝陽,つちや あさひ,F市,tsuchiya_asahi@example.com,2017/03/21
130,鳥居 広司,とりい こうじ,B市,torii_kouji@example.com,2018/03/08
131,福島 友也,ふくしま ともや,B市,fukushima_tomoya@example.com,2017/07/01
132,堀 サンタマリア,ほり さんたまりあ,G市,hori_stmaria@example.com,2018/04/24
133,井川 里穂,いがわ りほ,A市,igawa_riho@example.com,2017/04/13
134,田崎 菜々美,たざき ななみ,A市,tazaki_nanami@example.com,2018/07/29
135,平田 鉄二,ひらた てつじ,D市,hirata_tetsuji@example.com,2017/06/07
136,井上 桃子,いのうえ ももこ,F市,inoue_momoko@example.com,2018/06/18
137,尾形 小雁,おがた こがん,B市,ogata_kogan@example.com,2017/03/15
138,沖 遥,おき はるか,B市,oki_haruka@example.com,2018/07/21
139,矢部 美幸,やべ みゆき,F市,yabe_miyuki@example.com,42880
140,島袋 友以乃,しまぶくろ ゆいの,C市,shimabukuro_yuino@example.com,2018/04/14
141,深井 菜々美,ふかい ななみ,C市,fukai_nanami@example.com,2017/01/26
142,南部 慶二,なんぶ けいじ,A市,nannbu_keiji@example.com,2018/06/19
143,若杉 徹,わかすぎ とおる,G市,wakasugi_tohru@example.com,42818
144,矢部 惇,やべ じゅん,A市,yabe_jun@example.com,2018/05/20
145,熊井 憲史,くまい のりひと,A市,kumai_norihito@example.com,2017/03/29
146,岡村 希,おかむら のぞみ,H市,okamura_nozomi@example.com,2018/05/19
147,桑原 桃子,くわばら ももこ,G市,kuwabara_momoko@example.com,2017/02/18
148,原口 俊二,はらぐち しゅんじ,F市,haraguchi_shunji@example.com,2018/03/05
149,尾上 勝久,おがみ かつひさ,D市,ogami_katsuhisa@example.com,2017/07/20
150,杉下 悟志,すぎした さとし,E市,sugishita_satoshi@example.com,2018/02/17
151,志村 サダヲ,しむら さだお,E市,shimura_sadawo@example.com,2017/02/07
152,山口 法子,やまぐち のりこ,B市,yamaguchi_noriko@example.com,2018/06/16
153,大城 ケンイチ,おおしろ けんいち,B市,ooshiro_kenichi@example.com,2017/06/13
154,新村 美月,にいむら みづき,D市,niimura_miduki@example.com,2018/06/17
155,河内 さとみ,かわうち さとみ,E市,kawauchi_satomi@example.com,42754
156,内田 聡,うちだ さとし,E市,uchida_satoshi@example.com,2018/03/08
157,吉村 愛梨,よしむら あいり,C市,yoshimura_airi@example.com,2017/03/23
158,根岸 莉央,ねぎし りお,G市,negishi_rio@example.com,2018/06/29
159,丸山 光臣,まるやま みつおみ,G市,maruyama_mitsuomi@example.com,2017/01/30
160,石田 佑,いしだ たすく,E市,ishida_tasuku@example.com,2018/05/12
161,根本 博明,ねもと ひろあき,E市,nemoto_hiroaki@example.com,2017/07/02
162,今 茜,こん あかね,F市,kon_akane@example.com,2018/05/20
163,村山 知世,むらやま ちせ,D市,murayama_chise@example.com,2017/04/12
164,大山 咲,おおやま さき,C市,ooyama_saki@example.com,2018/02/23
165,島崎 礼子,しまざき れいこ,C市,shimazaki_reiko@example.com,2017/02/18
166,松居 満,まつい みつる,A市,matsui_mitsuru@example.com,2018/03/04
167,田上 美佐子,たうえ みさこ,A市,taue_misako@example.com,2017/03/29
168,篠山 雅功,しのやま まさとし,B市,shinoyama_masatoshi@example.com,2018/07/02
169,外山 広司,そとやま こうじ,C市,sotoyama_kouji@example.com,2017/06/28
170,岩井 　莉緒,いわい りお,F市,iwai_rio@example.com,2018/05/27
171,大崎 ヒカル,おおさき ひかる,E市,oosaki_hikaru@example.com,2017/02/22
172,矢沢 恵梨香,やざわ えりか,G市,yazawa_erika@example.com,43181
173,石田  郁恵,いしだ いくえ,B市,ishida_ikue@example.com,2017/02/05
174,荻野 愛菜,おぎの あいな,B市,ogino_aina@example.com,2018/01/09
175,香椎 優一,かしい ゆういち,H市,kashii_yuuichi@example.com,2017/06/12
176,黄川田 博之,きかわだ ひろゆき,C市,kikawada_hiroyuki@example.com,2018/02/14
177,井村 俊二,いむら しゅんじ,D市,imura_shunji@example.com,2017/04/14
178,植木 沙知絵,うえき さちえ,F市,ueki_sachie@example.com,2018/03/15
179,小松 隼士,こまつ しゅんじ,C市,komatsu_shunji@example.com,42743
180,松村 聡,まつむら さとし,G市,matsumura_satoshi@example.com,2018/07/19
181,平賀 一哉,ひらが かずや,B市,hiraga_kazuya@example.com,2017/05/23
182,手塚 進,てづか すすむ,A市,teduka_susumu@example.com,2018/05/01
183,磯野 希,いその のぞみ,B市,isono_nozomi@example.com,42940
184,白井 俊二,しらい しゅんじ,H市,shirai_shunji@example.com,2018/05/24
185,笹川 照生,ささがわ てるお,F市,sasagawa_teruo@example.com,2017/04/08
186,芦田 博之,あしだ ひろゆき,E市,ashida_hiroyuki@example.com,43294
187,大地 礼子,おおち れいこ,E市,oochi_reiko@example.com,2017/05/09
188,小町 瞬,こまち しゅん,D市,komachi_shun@example.com,2018/07/22
189,水野 メイサ,みずの めいさ,D市,mizuno_meisa@example.com,2017/07/30
190,板橋 隆,いたばし たかし,B市,itabashi_takashi@example.com,2018/06/14
191,綾瀬 俊介,あやせ しゅんすけ,B市,ayase_shunsuke@example.com,2017/01/28
192,和泉 直人,わいずみ なおと,H市,waizumi_naoto@example.com,43259
193,堀北 雅彦,ほりきた まさひこ,H市,horikita_masahiko@example.com,2017/05/05
194,唐沢 涼,からさわ りょう,H市,karasawa_ryou@example.com,2018/02/27
195,川上 りえ,かわかみ りえ,G市,kawakami_rie@example.com,2017/06/20
196,小松 季衣,こまつ としえ,E市,komatsu_toshie@example.com,2018/06/20
197,白鳥 りえ,しらとり りえ,F市,shiratori_rie@example.com,2017/04/29
198,大西 隆之介,おおにし りゅうのすけ,H市,oonishi_ryuunosuke@example.com,2019/04/19
199,福井 美希,ふくい みき,D市,fukui_miki1@example.com,2019/04/23
